{
  "controller/Home.controller.js": 1711539523642,
  "controller/App.controller.js": 1711526986398,
  "model/models.js": 1711526986394,
  "i18n/i18n.properties": 1711527008453,
  "manifest.json": 1713186349290,
  "Component.js": 1711526986386,
  "Component-preload.js": 1713186349621,
  "model/models-dbg.js": 1711526986394,
  "controller/Home-dbg.controller.js": 1711539523642,
  "controller/App-dbg.controller.js": 1711526986398,
  "Component-dbg.js": 1711526986386,
  "view/Home.view.xml": 1711527033385,
  "view/App.view.xml": 1711526986398,
  "css/style.css": 1711527070336,
  "index.html": 1711526986386
}